{"Mods":[{"Author":"Goonsack & Cahoot","Name":"Ultimate NPC Stat Overhaul - Basic Lab Config","Folder":"Ultimate_NPC_Stat_Overhaul_Lab_Config","Version":"36028797018963968","Description":"Basic config for Absolute's Laboratory. Gives classes and subclasses to NPCs with accompanying progressions and ensures that all NPCs have relevant racial passives.","UUID":"546224be-054c-4b59-9852-e6b5875ac6ec","Created":"2026-01-06T21:48:21.6870761-05:00","Dependencies":[],"Group":"5a8204e8-a53a-48df-864c-c83408d1dd42"}],"MD5":"82613a6bccc0b13832b006684c59a248"}