{"Mods":[{"Author":"Goonsack & Cahoot","Name":"Ultimate NPC Stat Overhaul - Basic Lab Config","Folder":"Ultimate_NPC_Stat_Overhaul_Lab_Config","Version":"36028799166447616","Description":"Basic config for Absolute's Laboratory. Gives classes and subclasses to NPCs with accompanying progressions and ensures that all NPCs have relevant racial passives.","UUID":"546224be-054c-4b59-9852-e6b5875ac6ec","Created":"2026-01-12T14:34:21.6712052-05:00","Dependencies":[],"Group":"4a70ef56-3839-4105-a662-35bf60545f66"}],"MD5":"4ffae0cbaa0f4ecf31baac425d97bdd7"}