{"Mods":[{"Author":"Goonsack & Cahoot","Name":"Ultimate NPC Stat Overhaul - Basic Lab Config","Folder":"Ultimate_NPC_Stat_Overhaul_Lab_Config","Version":"36028801313931264","Description":"Basic config for Absolute's Laboratory. Gives classes and subclasses to NPCs with accompanying progressions and ensures that all NPCs have relevant racial passives.","UUID":"546224be-054c-4b59-9852-e6b5875ac6ec","Created":"2026-01-23T16:09:27.4616216-05:00","Dependencies":[],"Group":"80847860-aff5-428b-96ae-d1f4a9a9ea3f"}],"MD5":"f8564ceec5cbdbcb72fcc0a0dea2d04c"}