{"Mods":[{"Author":"Goonsack & Cahoot","Name":"Ultimate NPC Stat Overhaul - Basic Lab Config","Folder":"Ultimate_NPC_Stat_Overhaul_Lab_Config","Version":"36028805608898560","Description":"Basic config for Absolute's Laboratory. Gives classes and subclasses to NPCs with accompanying progressions and ensures that all NPCs have relevant racial passives.","UUID":"546224be-054c-4b59-9852-e6b5875ac6ec","Created":"2026-02-15T21:47:19.640295-05:00","Dependencies":[],"Group":"cc755809-9b55-4cb8-9037-01b5d5686fa4"}],"MD5":"7a1c580341bbce4282544eed62446bd8"}