{"Mods":[{"Author":"Goonsack & Cahoot","Name":"Ultimate NPC Stat Overhaul - Basic Lab Config","Folder":"Ultimate_NPC_Stat_Overhaul_Lab_Config","Version":"36028803461414912","Description":"Basic config for Absolute's Laboratory. Gives classes and subclasses to NPCs with accompanying progressions and ensures that all NPCs have relevant racial passives.","UUID":"546224be-054c-4b59-9852-e6b5875ac6ec","Created":"2026-02-13T21:26:22.8175726-05:00","Dependencies":[],"Group":"55ede787-d113-4d4d-9947-60e7d84a0ca2"}],"MD5":"55b842d98e50444dea6f476983f5252b"}