{"Mods":[{"Author":"Goonsack & Cahoot","Name":"Ultimate_NPC_Stat_Overhaul_Lab_Config","Folder":"Ultimate_NPC_Stat_Overhaul_Lab_Config","Version":"36028797018963968","Description":"Basic config for Absolute's Laboratory. Gives classes and subclasses to NPCs with accompanying progressions and ensures that all NPCs have relevant racial passives.","UUID":"546224be-054c-4b59-9852-e6b5875ac6ec","Created":"2026-01-06T19:31:58.7586031-05:00","Dependencies":[],"Group":"38b3052a-16e7-4569-9422-e1ed842fa3da"}],"MD5":"146ce3af44772ca3e287f1ebcf0e2418"}